{
  "fsize": 65536,
  "data": [
    {
      "name": "egg",
      "position": [
        103.58502960205078,
        50.0,
        103.95133972167969
      ],
      "shortparams": [
        0,
        0,
        0,
        0
      ],
      "intparams": [
        0,
        0,
        0,
        0,
        0
      ],
      "floatparams": [
        0.0,
        0.0,
        0.0,
        0.0,
        0.0
      ]
    },
    {
      "name": "egg",
      "position": [
        -141.9521484375,
        50.0,
        -61.51805877685547
      ],
      "shortparams": [
        0,
        0,
        0,
        0
      ],
      "intparams": [
        0,
        0,
        0,
        0,
        0
      ],
      "floatparams": [
        0.0,
        0.0,
        0.0,
        0.0,
        0.0
      ]
    },
    {
      "name": "fruit",
      "position": [
        -9.796374320983887,
        50.0,
        268.5967102050781
      ],
      "shortparams": [
        0,
        0,
        0,
        0
      ],
      "intparams": [
        0,
        0,
        1,
        1,
        0
      ],
      "floatparams": [
        0.0,
        0.0,
        0.0,
        0.0,
        0.0
      ]
    },
    {
      "name": "fruit",
      "position": [
        270.0633850097656,
        50.0,
        0.9014989137649536
      ],
      "shortparams": [
        0,
        0,
        0,
        0
      ],
      "intparams": [
        0,
        3,
        1,
        1,
        0
      ],
      "floatparams": [
        0.0,
        0.0,
        0.0,
        0.0,
        0.0
      ]
    },
    {
      "name": "fruit",
      "position": [
        0.8576844930648804,
        50.0,
        -267.2555847167969
      ],
      "shortparams": [
        0,
        0,
        0,
        0
      ],
      "intparams": [
        0,
        2,
        1,
        1,
        0
      ],
      "floatparams": [
        0.0,
        0.0,
        0.0,
        0.0,
        0.0
      ]
    },
    {
      "name": "fruit",
      "position": [
        -270.58551025390625,
        50.0,
        -1.448075294494629
      ],
      "shortparams": [
        0,
        0,
        0,
        0
      ],
      "intparams": [
        0,
        1,
        1,
        1,
        0
      ],
      "floatparams": [
        0.0,
        0.0,
        0.0,
        0.0,
        0.0
      ]
    },
    {
      "name": "emblem",
      "position": [
        0.6508079767227173,
        70.0,
        -0.19627857208251953
      ],
      "shortparams": [
        0,
        0,
        -1,
        -4096
      ],
      "intparams": [
        0,
        1,
        250,
        0,
        0
      ],
      "floatparams": [
        0.0,
        0.0,
        0.0,
        0.0,
        2.2958874039497803e-38
      ]
    }
  ]
}