{
  "fsize": 65536,
  "data": [
    {
      "name": "fruit",
      "position": [
        -154.9039764404297,
        610.1951293945312,
        -2.159473419189453
      ],
      "shortparams": [
        0,
        0,
        0,
        0
      ],
      "intparams": [
        0,
        0,
        1,
        1,
        0
      ],
      "floatparams": [
        0.0,
        0.0,
        0.0,
        0.0,
        0.0
      ]
    },
    {
      "name": "emblem",
      "position": [
        -0.8128050565719604,
        627.472412109375,
        -4.528042793273926
      ],
      "shortparams": [
        0,
        0,
        0,
        0
      ],
      "intparams": [
        0,
        1,
        250,
        0,
        0
      ],
      "floatparams": [
        0.0,
        0.0,
        0.0,
        0.0,
        2.2958874039497803e-38
      ]
    },
    {
      "name": "fruit",
      "position": [
        -109.19280242919922,
        610.1951293945312,
        107.03638458251953
      ],
      "shortparams": [
        0,
        0,
        0,
        0
      ],
      "intparams": [
        0,
        2,
        1,
        1,
        0
      ],
      "floatparams": [
        0.0,
        0.0,
        0.0,
        0.0,
        0.0
      ]
    },
    {
      "name": "fruit",
      "position": [
        152.62481689453125,
        610.1951293945312,
        4.826539993286133
      ],
      "shortparams": [
        0,
        0,
        0,
        0
      ],
      "intparams": [
        0,
        4,
        1,
        1,
        0
      ],
      "floatparams": [
        0.0,
        0.0,
        0.0,
        0.0,
        0.0
      ]
    },
    {
      "name": "fruit",
      "position": [
        111.72757720947266,
        610.1951293945312,
        113.8397445678711
      ],
      "shortparams": [
        0,
        0,
        0,
        0
      ],
      "intparams": [
        0,
        3,
        1,
        1,
        0
      ],
      "floatparams": [
        0.0,
        0.0,
        0.0,
        0.0,
        0.0
      ]
    },
    {
      "name": "egg",
      "position": [
        -199.29429626464844,
        610.1951293945312,
        83.9481201171875
      ],
      "shortparams": [
        0,
        0,
        0,
        0
      ],
      "intparams": [
        0,
        0,
        0,
        0,
        0
      ],
      "floatparams": [
        0.0,
        0.0,
        0.0,
        0.0,
        0.0
      ]
    },
    {
      "name": "egg",
      "position": [
        199.51177978515625,
        610.1951293945312,
        81.05421447753906
      ],
      "shortparams": [
        0,
        0,
        0,
        0
      ],
      "intparams": [
        0,
        0,
        0,
        0,
        0
      ],
      "floatparams": [
        0.0,
        0.0,
        0.0,
        0.0,
        0.0
      ]
    }
  ]
}