{
  "fsize": 65536,
  "data": [
    {
      "name": "emblem",
      "position": [
        4.1673173904418945,
        70.0,
        11.718146324157715
      ],
      "shortparams": [
        0,
        0,
        0,
        0
      ],
      "intparams": [
        0,
        1,
        250,
        0,
        0
      ],
      "floatparams": [
        0.0,
        0.0,
        0.0,
        0.0,
        2.2958874039497803e-38
      ]
    },
    {
      "name": "unk1",
      "position": [
        95.2967758178711,
        50.0,
        179.5183563232422
      ],
      "shortparams": [
        0,
        0,
        0,
        0
      ],
      "intparams": [
        0,
        35,
        0,
        0,
        0
      ],
      "floatparams": [
        0.0,
        0.0,
        0.0,
        0.0,
        0.0
      ]
    },
    {
      "name": "unk1",
      "position": [
        -120.8600845336914,
        50.0,
        -107.08243560791016
      ],
      "shortparams": [
        0,
        0,
        0,
        0
      ],
      "intparams": [
        0,
        35,
        0,
        0,
        0
      ],
      "floatparams": [
        0.0,
        0.0,
        0.0,
        0.0,
        0.0
      ]
    },
    {
      "name": "egg",
      "position": [
        -120.06793975830078,
        20.0,
        20.963428497314453
      ],
      "shortparams": [
        0,
        0,
        0,
        0
      ],
      "intparams": [
        0,
        0,
        0,
        0,
        0
      ],
      "floatparams": [
        0.0,
        0.0,
        0.0,
        0.0,
        0.0
      ]
    },
    {
      "name": "egg",
      "position": [
        108.30355072021484,
        20.0,
        -47.35539245605469
      ],
      "shortparams": [
        0,
        0,
        0,
        0
      ],
      "intparams": [
        0,
        0,
        0,
        0,
        0
      ],
      "floatparams": [
        0.0,
        0.0,
        0.0,
        0.0,
        0.0
      ]
    }
  ]
}