{
  "fsize": 65536,
  "data": [
    {
      "name": "egg",
      "position": [
        -154.2655792236328,
        25.30634307861328,
        -129.6588897705078
      ],
      "shortparams": [
        0,
        0,
        0,
        0
      ],
      "intparams": [
        0,
        0,
        0,
        0,
        0
      ],
      "floatparams": [
        0.0,
        0.0,
        0.0,
        0.0,
        0.0
      ]
    },
    {
      "name": "egg",
      "position": [
        95.2967758178711,
        25.306198120117188,
        179.5183563232422
      ],
      "shortparams": [
        0,
        0,
        0,
        0
      ],
      "intparams": [
        0,
        0,
        0,
        0,
        0
      ],
      "floatparams": [
        0.0,
        0.0,
        0.0,
        0.0,
        0.0
      ]
    },
    {
      "name": "fruit",
      "position": [
        -13.27840805053711,
        25.30632781982422,
        -200.23406982421875
      ],
      "shortparams": [
        0,
        0,
        0,
        0
      ],
      "intparams": [
        0,
        4,
        1,
        1,
        0
      ],
      "floatparams": [
        0.0,
        0.0,
        0.0,
        0.0,
        0.0
      ]
    },
    {
      "name": "fruit",
      "position": [
        182.73228454589844,
        25.30632781982422,
        -93.05338287353516
      ],
      "shortparams": [
        0,
        0,
        0,
        0
      ],
      "intparams": [
        0,
        2,
        1,
        1,
        0
      ],
      "floatparams": [
        0.0,
        0.0,
        0.0,
        0.0,
        0.0
      ]
    },
    {
      "name": "fruit",
      "position": [
        -37.36330032348633,
        25.30632781982422,
        202.28407287597656
      ],
      "shortparams": [
        0,
        0,
        0,
        0
      ],
      "intparams": [
        0,
        0,
        1,
        1,
        0
      ],
      "floatparams": [
        0.0,
        0.0,
        0.0,
        0.0,
        0.0
      ]
    },
    {
      "name": "fruit",
      "position": [
        -163.01243591308594,
        25.30632781982422,
        118.13587188720703
      ],
      "shortparams": [
        0,
        0,
        0,
        0
      ],
      "intparams": [
        0,
        1,
        1,
        1,
        0
      ],
      "floatparams": [
        0.0,
        0.0,
        0.0,
        0.0,
        0.0
      ]
    },
    {
      "name": "emblem",
      "position": [
        4.1673173904418945,
        45.30619430541992,
        11.718146324157715
      ],
      "shortparams": [
        0,
        0,
        0,
        0
      ],
      "intparams": [
        0,
        1,
        250,
        0,
        0
      ],
      "floatparams": [
        0.0,
        0.0,
        0.0,
        0.0,
        2.2958874039497803e-38
      ]
    }
  ]
}